{"Normal": {"grid_usage_percentage": [80, 75, 82, 78, 84, 86, 63.09197449456524, 79, 77, 81, 80, 82, 60.741070426762825, 83, 85, 82, 80, 84, 62.8340057569992, 83, 81, 79, 82, 60.71163429161641], "power_cost": [0.35, 0.37, 0.4, 0.45, 0.48, 0.5, 17.42492732202264, 0.43, 0.4, 0.38, 0.39, 0.43, 21.373934024725347, 0.49, 0.48, 0.45, 0.42, 0.4, 24.845943664674955, 0.38, 0.37, 0.36, 0.35, 25.0]}, "PPO": {"grid_usage_percentage": [70, 65, 68, 63, 67, 71, 78.72323615092057, 60, 58, 62, 65, 67, 78.3576734472908, 66, 68, 63, 59, 62, 80.94166410049539, 61, 58, 57, 60, 79.01795732307544], "power_cost": [0.32, 0.31, 0.33, 0.36, 0.39, 0.41, 24.735105472591172, 0.35, 0.33, 0.31, 0.32, 0.35, 24.858119737562877, 0.4, 0.39, 0.37, 0.34, 0.32, 24.80613128980301, 0.3, 0.29, 0.28, 0.27, 24.802897626705427]}, "DQN": {"grid_usage_percentage": [65, 60, 63, 58, 62, 66, 42.48302977216554, 55, 53, 57, 60, 62, 36.831434865483686, 61, 63, 58, 54, 57, 33.144454527394004, 56, 53, 52, 55, 37.78223082204906], "power_cost": [0.3, 0.29, 0.31, 0.34, 0.37, 0.39, 0.2740551583201365, 0.33, 0.31, 0.29, 0.3, 0.33, 0.3527390941569487, 0.38, 0.37, 0.35, 0.32, 0.3, 0.2661058939705845, 0.28, 0.27, 0.26, 0.25, 0.2936304391760296]}}