{"Normal": {"grid_usage_percentage": [80, 75, 82, 78, 84, 86, 62.63722417842769, 79, 77, 81, 80, 82, 61.425900599762734, 83, 85, 82, 80, 84, 62.630222792089846, 83, 81, 79, 82, 61.11250289590388], "power_cost": [0.35, 0.37, 0.4, 0.45, 0.48, 0.5, 21.923289396312917, 0.43, 0.4, 0.38, 0.39, 0.43, 23.635554255551508, 0.49, 0.48, 0.45, 0.42, 0.4, 24.860867757548334, 0.38, 0.37, 0.36, 0.35, 24.999996952641233]}, "PPO": {"grid_usage_percentage": [70, 65, 68, 63, 67, 71, 78.16122255154167, 60, 58, 62, 65, 67, 77.56360336772529, 66, 68, 63, 59, 62, 79.99485233569719, 61, 58, 57, 60, 79.65107788066534], "power_cost": [0.32, 0.31, 0.33, 0.36, 0.39, 0.41, 24.442077156642046, 0.35, 0.33, 0.31, 0.32, 0.35, 24.503682594849913, 0.4, 0.39, 0.37, 0.34, 0.32, 24.39620598424067, 0.3, 0.29, 0.28, 0.27, 24.394220329930043]}, "DQN": {"grid_usage_percentage": [65, 60, 63, 58, 62, 66, 44.0634478309981, 55, 53, 57, 60, 62, 39.91243936102521, 61, 63, 58, 54, 57, 37.96805052141342, 56, 53, 52, 55, 39.3184852038589], "power_cost": [0.3, 0.29, 0.31, 0.34, 0.37, 0.39, 0.20865809193398646, 0.33, 0.31, 0.29, 0.3, 0.33, 0.2581280829759841, 0.38, 0.37, 0.35, 0.32, 0.3, 0.20738844076525587, 0.28, 0.27, 0.26, 0.25, 0.2052748021833584]}}