{"Normal": {"grid_usage_percentage": [80, 75, 82, 78, 84, 86, 62.48390248820965, 79, 77, 81, 80, 82, 62.025670644463844, 83, 85, 82, 80, 84, 62.46302410657182, 83, 81, 79, 82, 61.799479408029185], "power_cost": [0.35, 0.37, 0.4, 0.45, 0.48, 0.5, 24.399080497109594, 0.43, 0.4, 0.38, 0.39, 0.43, 24.72548866013325, 0.49, 0.48, 0.45, 0.42, 0.4, 24.990371873755635, 0.38, 0.37, 0.36, 0.35, 25.0]}, "PPO": {"grid_usage_percentage": [70, 65, 68, 63, 67, 71, 78.85656708549439, 60, 58, 62, 65, 67, 77.57456075929997, 66, 68, 63, 59, 62, 80.89634272961553, 61, 58, 57, 60, 80.12781641075524], "power_cost": [0.32, 0.31, 0.33, 0.36, 0.39, 0.41, 24.729419621268686, 0.35, 0.33, 0.31, 0.32, 0.35, 24.663245393880793, 0.4, 0.39, 0.37, 0.34, 0.32, 24.592815666324576, 0.3, 0.29, 0.28, 0.27, 24.59256193061555]}, "DQN": {"grid_usage_percentage": [65, 60, 63, 58, 62, 66, 42.71736253882972, 55, 53, 57, 60, 62, 37.69827030576612, 61, 63, 58, 54, 57, 39.06907691948791, 56, 53, 52, 55, 40.59633448826065], "power_cost": [0.3, 0.29, 0.31, 0.34, 0.37, 0.39, 0.27816130686072293, 0.33, 0.31, 0.29, 0.3, 0.33, 0.34298266524982446, 0.38, 0.37, 0.35, 0.32, 0.3, 0.2729775310398608, 0.28, 0.27, 0.26, 0.25, 0.27248192446438835]}}