{"Normal": {"grid_usage_percentage": [80, 75, 82, 78, 84, 86, 61.3426375770007, 79, 77, 81, 80, 82, 60.578296929225765, 83, 85, 82, 80, 84, 62.67513415605927, 83, 81, 79, 82, 60.174287367078236], "power_cost": [0.35, 0.37, 0.4, 0.45, 0.48, 0.5, 16.52046042771604, 0.43, 0.4, 0.38, 0.39, 0.43, 20.742648916999716, 0.49, 0.48, 0.45, 0.42, 0.4, 24.70822074555932, 0.38, 0.37, 0.36, 0.35, 25.0]}, "PPO": {"grid_usage_percentage": [70, 65, 68, 63, 67, 71, 69.35812239980326, 60, 58, 62, 65, 67, 64.90323782653486, 66, 68, 63, 59, 62, 65.74658057765693, 61, 58, 57, 60, 69.58758834921584], "power_cost": [0.32, 0.31, 0.33, 0.36, 0.39, 0.41, 24.946570699280553, 0.35, 0.33, 0.31, 0.32, 0.35, 24.948437303064097, 0.4, 0.39, 0.37, 0.34, 0.32, 24.95161940255908, 0.3, 0.29, 0.28, 0.27, 24.95117995230523]}, "DQN": {"grid_usage_percentage": [65, 60, 63, 58, 62, 66, 40.606922232079285, 55, 53, 57, 60, 62, 39.97516633795506, 61, 63, 58, 54, 57, 40.21399586988255, 56, 53, 52, 55, 39.37376886213444], "power_cost": [0.3, 0.29, 0.31, 0.34, 0.37, 0.39, 0.2612061883593814, 0.33, 0.31, 0.29, 0.3, 0.33, 0.3232548610897062, 0.38, 0.37, 0.35, 0.32, 0.3, 0.27058842491213825, 0.28, 0.27, 0.26, 0.25, 0.29391310065635107]}}